5645796992,anime
5645796992,movie
5645796992,costume
5645796992,tv
5645796992,comic
5645796992,cosplay
5645796992,manga
5645796992,sakura
5645796992,series
5645796992,animated
5645796992,sakuracon
5645796992,2011
4955851309,water
4955851309,project
4955851309,prime
4955851309,video
4955851309,pax
4955851309,wilwheaton
4955851309,jonathancoulton
4955851309,mcfrontalot
4955851309,mollylewis
4955851309,paulandstorm
4955851309,mediocrefilms
4955851309,paulandstormgetthirsty
3806668311,concerts
3806668311,seattlecenter
3806668311,kexp
3806668311,seattlest
3806668311,kexpbbq
3806668311,muralamphitheatre
3806668311,champagnechampagne
3806687639,concerts
3806687639,seattlecenter
3806687639,kexp
3806687639,vivavoce
3806687639,seattlest
3806687639,kexpbbq
3806687639,muralamphitheatre
6885208480,robin
6885208480,cosplay
6885208480,batman
6885208480,catwoman
6885208480,poisonivy
6885208480,emeraldcitycomicon
6885208480,eccc
6885208480,eccc2012
6885208480,emeraldcitycomicon2012
5645232243,anime
5645232243,movie
5645232243,costume
5645232243,tv
5645232243,comic
5645232243,cosplay
5645232243,manga
5645232243,sakura
5645232243,series
5645232243,animated
5645232243,sakuracon
5645232243,2011
3806688379,concerts
3806688379,seattlecenter
3806688379,kexp
3806688379,vivavoce
3806688379,seattlest
3806688379,kexpbbq
3806688379,muralamphitheatre
3806674185,concerts
3806674185,seattlecenter
3806674185,kexp
3806674185,seattlest
3806674185,kexpbbq
3806674185,muralamphitheatre
3806674185,bornanchors
4955852071,water
4955852071,project
4955852071,prime
4955852071,video
4955852071,pax
4955852071,wilwheaton
4955852071,jonathancoulton
4955852071,mcfrontalot
4955852071,mollylewis
4955852071,paulandstorm
4955852071,mediocrefilms
4955852071,paulandstormgetthirsty
5645233063,anime
5645233063,movie
5645233063,costume
5645233063,tv
5645233063,comic
5645233063,cosplay
5645233063,manga
5645233063,sakura
5645233063,series
5645233063,animated
5645233063,sakuracon
5645233063,2011
5645217967,anime
5645217967,movie
5645217967,costume
5645217967,tv
5645217967,comic
5645217967,cosplay
5645217967,manga
5645217967,sakura
5645217967,series
5645217967,animated
5645217967,sakuracon
5645217967,2011
3806674889,concerts
3806674889,seattlecenter
3806674889,kexp
3806674889,seattlest
3806674889,kexpbbq
3806674889,muralamphitheatre
3806674889,bornanchors
3806674889,kexpblog
3806667711,concerts
3806667711,seattlecenter
3806667711,kexp
3806667711,seattlest
3806667711,kexpbbq
3806667711,muralamphitheatre
3806667711,kexpblog
3806667711,champagnechampagne
5645789380,anime
5645789380,movie
5645789380,costume
5645789380,tv
5645789380,comic
5645789380,cosplay
5645789380,manga
5645789380,sakura
5645789380,series
5645789380,animated
5645789380,sakuracon
5645789380,2011
6249072433,signs
6249072433,downtown
6249072433,protest
6249072433,westlake
6249072433,protester
6249072433,protesters
6249072433,protestsigns
6249072433,ows
6249072433,westlakepark
6249072433,occupy
6249072433,occupyseattle
