3975132874,seattle
3975132874,uw
3975132874,lamp
3975132874,graffiti
3975132874,library
3975132874,suzzallolibrary
3975132874,spoonerism
7031285645,seattle
7031285645,cruise
7031285645,lake
7031285645,lakeunion
7031285645,woodenboat
7031285645,1928
7031285645,allurecruise
4903527255,color
4903527255,digital
4903527255,derosa
4903527255,niki
4903527255,nitto
4903527255,chrisking
4903527255,philwood
4903527255,americanclassic
4903527255,cinelli
4903527255,trackframe
4903527255,eddymerckxtrack
4903527255,nikond40x
4903527255,selleitaliaturbo
4903527255,mobiuscycle
4903527255,columbusslx
4903527255,taylorhurley
4903527255,grainstudios
3382412871,seattle
3382412871,1909
3382412871,alaskayukonpacificexposition
3382412871,aype
3382412871,franknowell
3382412871,frankhnowell
4945557464,seattle
4945557464,sky
4945557464,white
4945557464,black
4945557464,skyline
4945557464,buildings
4945557464,concrete
4945557464,washington
4945557464,high
4945557464,unitedstates
4945557464,metro
4945557464,jungle
4945557464,rise
7031272517,seattle
7031272517,cruise
7031272517,lake
7031272517,lakeunion
7031272517,woodenboat
7031272517,1928
7031272517,allurecruise
8399532022,square
8399532022,squareformat
8399532022,inkwell
8399532022,iphoneography
8399532022,instagramapp
8399532022,uploaded:by=instagram
8399532022,foursquare:venue=4bbcb9d08a4fb713020f3c9d
7031262969,seattle
7031262969,cruise
7031262969,lake
7031262969,lakeunion
7031262969,woodenboat
7031262969,1928
7031262969,allurecruise
7031291209,seattle
7031291209,cruise
7031291209,lake
7031291209,lakeunion
7031291209,woodenboat
7031291209,1928
7031291209,allurecruise
8063878200,seattle
8063878200,washington
8063878200,sam
8063878200,smithtower
8063878200,chineseroom
6885188092,seattle
6885188092,cruise
6885188092,lake
6885188092,lakeunion
6885188092,woodenboat
6885188092,1928
6885188092,allurecruise
7030819103,seattle
7030819103,cruise
7030819103,lake
7030819103,lakeunion
7030819103,woodenboat
7030819103,1928
7030819103,allurecruise
7030819103,marcyportraits
